Experiment,Strain,Day,GP,RNA_Conc
NTJ69,MUT,1,21,0.75
NTJ69,MUT,1,22,5.5
NTJ69,MUT,1,23,4.1
NTJ69,MUT,1,24,12.3
NTJ69,MUT,2,21,66.6
NTJ69,MUT,2,22,98
NTJ69,MUT,2,23,25.8
NTJ69,MUT,2,24,81
NTJ69,MUT,3,21,28
NTJ69,MUT,3,22,10.6
NTJ69,MUT,3,23,44.1
NTJ69,MUT,3,24,47.3
NTJ73,WT,1,13,21.5
NTJ73,WT,1,14,19
NTJ73,WT,1,15,62.3
NTJ73,WT,1,16,65
NTJ73,WT,2,13,150
NTJ73,WT,2,14,309
NTJ73,WT,2,15,530
NTJ73,WT,2,16,3150
NTJ73,WT,3,13,6.3
NTJ73,WT,3,14,29.2
NTJ73,WT,3,15,66.3
NTJ73,WT,3,16,185
NTJ69,MUT,5,21,0
NTJ69,MUT,5,22,0
NTJ69,MUT,5,23,0
NTJ69,MUT,5,24,0
NTJ73,WT,5,13,0
NTJ73,WT,5,14,0
NTJ73,WT,5,15,0
NTJ73,WT,5,16,0
NTJ69,MUT,7,21,0
NTJ69,MUT,7,22,0
NTJ69,MUT,7,23,0
NTJ69,MUT,7,24,0
NTJ73,WT,7,13,0
NTJ73,WT,7,14,0
NTJ73,WT,7,15,0
NTJ73,WT,7,16,0